-- MySQL Script generated by MySQL Workbench
-- Thu Oct 12 09:32:56 2017
-- Model: New Model    Version: 1.0
-- MySQL Workbench Forward Engineering

SET @OLD_UNIQUE_CHECKS=@@UNIQUE_CHECKS, UNIQUE_CHECKS=0;
SET @OLD_FOREIGN_KEY_CHECKS=@@FOREIGN_KEY_CHECKS, FOREIGN_KEY_CHECKS=0;
SET @OLD_SQL_MODE=@@SQL_MODE, SQL_MODE='TRADITIONAL,ALLOW_INVALID_DATES';

-- -----------------------------------------------------
-- Schema ry14b
-- -----------------------------------------------------
DROP SCHEMA IF EXISTS `ry14b` ;

-- -----------------------------------------------------
-- Schema ry14b
-- -----------------------------------------------------
CREATE SCHEMA IF NOT EXISTS `ry14b` DEFAULT CHARACTER SET utf8 ;
SHOW WARNINGS;
USE `ry14b` ;

-- -----------------------------------------------------
-- Table `ry14b`.`petstore`
-- -----------------------------------------------------
DROP TABLE IF EXISTS `ry14b`.`petstore` ;

SHOW WARNINGS;
CREATE TABLE IF NOT EXISTS `ry14b`.`petstore` (
  `pst_id` SMALLINT UNSIGNED NOT NULL AUTO_INCREMENT,
  `pst_name` VARCHAR(30) NOT NULL,
  `pst_street` VARCHAR(30) NOT NULL,
  `pst_city` VARCHAR(30) NOT NULL,
  `pst_state` CHAR(2) NOT NULL,
  `pst_zip` INT(9) UNSIGNED NOT NULL,
  `pst_phone` BIGINT UNSIGNED NOT NULL,
  `pst_email` VARCHAR(100) NOT NULL,
  `pst_url` VARCHAR(100) NOT NULL,
  `pst_ytd_sales` DECIMAL(10,2) NOT NULL,
  `pst_notes` VARCHAR(255) NULL,
  PRIMARY KEY (`pst_id`))
ENGINE = InnoDB;

SHOW WARNINGS;

-- -----------------------------------------------------
-- Table `ry14b`.`customer`
-- -----------------------------------------------------
DROP TABLE IF EXISTS `ry14b`.`customer` ;

SHOW WARNINGS;
CREATE TABLE IF NOT EXISTS `ry14b`.`customer` (
  `cus_id` SMALLINT UNSIGNED NOT NULL AUTO_INCREMENT,
  `cus_fname` VARCHAR(15) NOT NULL,
  `cus_lname` VARCHAR(30) NOT NULL,
  `cus_street` VARCHAR(30) NOT NULL,
  `cus_city` VARCHAR(30) NOT NULL,
  `cus_state` CHAR(2) NOT NULL,
  `cus_zip` INT UNSIGNED NOT NULL,
  `cus_phone` BIGINT UNSIGNED NOT NULL,
  `cus_email` VARCHAR(100) NOT NULL,
  `cus_balance` DECIMAL(6,2) NOT NULL,
  `cus_total_sales` DECIMAL(6,2) NOT NULL,
  `cus_notes` VARCHAR(255) NULL,
  PRIMARY KEY (`cus_id`))
ENGINE = InnoDB;

SHOW WARNINGS;

-- -----------------------------------------------------
-- Table `ry14b`.`pet`
-- -----------------------------------------------------
DROP TABLE IF EXISTS `ry14b`.`pet` ;

SHOW WARNINGS;
CREATE TABLE IF NOT EXISTS `ry14b`.`pet` (
  `pet_id` SMALLINT UNSIGNED NOT NULL AUTO_INCREMENT,
  `pst_id` SMALLINT UNSIGNED NOT NULL,
  `cus_id` SMALLINT UNSIGNED NULL,
  `pet_type` VARCHAR(45) NOT NULL,
  `pet_sex` ENUM('m', 'f') NOT NULL,
  `pet_cost` DECIMAL(6,2) NOT NULL,
  `pet_price` DECIMAL(6,2) NOT NULL,
  `pet_age` TINYINT UNSIGNED NOT NULL,
  `pet_color` VARCHAR(30) NOT NULL,
  `pet_sale_date` DATE NOT NULL,
  `pet_vaccine` ENUM('y', 'n') NOT NULL,
  `pet_nueter` ENUM('y', 'n') NOT NULL,
  `pet_notes` VARCHAR(45) NULL,
  PRIMARY KEY (`pet_id`),
  INDEX `fk_pet_customer_idx` (`cus_id` ASC),
  INDEX `fk_pet_petstore1_idx` (`pst_id` ASC),
  CONSTRAINT `fk_pet_customer`
    FOREIGN KEY (`cus_id`)
    REFERENCES `ry14b`.`customer` (`cus_id`)
    ON DELETE NO ACTION
    ON UPDATE NO ACTION,
  CONSTRAINT `fk_pet_petstore1`
    FOREIGN KEY (`pst_id`)
    REFERENCES `ry14b`.`petstore` (`pst_id`)
    ON DELETE NO ACTION
    ON UPDATE NO ACTION)
ENGINE = InnoDB;

SHOW WARNINGS;

SET SQL_MODE=@OLD_SQL_MODE;
SET FOREIGN_KEY_CHECKS=@OLD_FOREIGN_KEY_CHECKS;
SET UNIQUE_CHECKS=@OLD_UNIQUE_CHECKS;

-- -----------------------------------------------------
-- Data for table `ry14b`.`petstore`
-- -----------------------------------------------------
START TRANSACTION;
USE `ry14b`;
INSERT INTO `ry14b`.`petstore` (`pst_id`, `pst_name`, `pst_street`, `pst_city`, `pst_state`, `pst_zip`, `pst_phone`, `pst_email`, `pst_url`, `pst_ytd_sales`, `pst_notes`) VALUES (1, 'Doggy Palace', '9818 Nunc Road', 'Pickering', 'VA', 928583107, 2535931215, 'imperdiet@velit.edu', 'doggypalace.com', 902.3, 'best dogs');
INSERT INTO `ry14b`.`petstore` (`pst_id`, `pst_name`, `pst_street`, `pst_city`, `pst_state`, `pst_zip`, `pst_phone`, `pst_email`, `pst_url`, `pst_ytd_sales`, `pst_notes`) VALUES (2, 'Puppy Place', '9819 Nunc Road', 'Dutse', 'VA', 694468386, 7367062932, 'vitae.odio.sagittis@arcuvelquam.ca', 'puppypalace.com', 293.49, 'grat puppies');
INSERT INTO `ry14b`.`petstore` (`pst_id`, `pst_name`, `pst_street`, `pst_city`, `pst_state`, `pst_zip`, `pst_phone`, `pst_email`, `pst_url`, `pst_ytd_sales`, `pst_notes`) VALUES (3, 'Kittens Galore', '9820 Nunc Road', 'Bremen', 'VA', 871741620, 4648427983, 'est.arcu@mauris.net', 'kittengalore.com', 299293.03, '');
INSERT INTO `ry14b`.`petstore` (`pst_id`, `pst_name`, `pst_street`, `pst_city`, `pst_state`, `pst_zip`, `pst_phone`, `pst_email`, `pst_url`, `pst_ytd_sales`, `pst_notes`) VALUES (4, 'Pettopia', '9821 Nunc Road', 'Coaldale', 'VA', 871146786, 8814192182, 'non@Suspendissetristique.edu', 'pettopia.com', 3883.09, '');
INSERT INTO `ry14b`.`petstore` (`pst_id`, `pst_name`, `pst_street`, `pst_city`, `pst_state`, `pst_zip`, `pst_phone`, `pst_email`, `pst_url`, `pst_ytd_sales`, `pst_notes`) VALUES (5, 'Pets Pets Pets', '9822 Nunc Road', 'Spijkenisse', 'VA', 481990318, 3996927402, 'lacus.pede.sagittis@sagittisDuis.com', 'pets.com', 34039.02, 'fish and more');
INSERT INTO `ry14b`.`petstore` (`pst_id`, `pst_name`, `pst_street`, `pst_city`, `pst_state`, `pst_zip`, `pst_phone`, `pst_email`, `pst_url`, `pst_ytd_sales`, `pst_notes`) VALUES (6, 'Kitty Cats', '9823 Nunc Road', 'Kano', 'WV', 413099913, 6982586185, 'ac@sitamet.com', 'kittycats.com', 4490, '');
INSERT INTO `ry14b`.`petstore` (`pst_id`, `pst_name`, `pst_street`, `pst_city`, `pst_state`, `pst_zip`, `pst_phone`, `pst_email`, `pst_url`, `pst_ytd_sales`, `pst_notes`) VALUES (7, 'Pets Place', '9824 Nunc Road', 'Itterbeek', 'WV', 502664040, 9692298190, 'facilisis@lobortismaurisSuspendisse.org', 'petspalce.com', 38483, '');
INSERT INTO `ry14b`.`petstore` (`pst_id`, `pst_name`, `pst_street`, `pst_city`, `pst_state`, `pst_zip`, `pst_phone`, `pst_email`, `pst_url`, `pst_ytd_sales`, `pst_notes`) VALUES (8, 'Petters', '9825 Nunc Road', 'Vottem', 'WV', 224404753, 3136150029, 'metus.eu@elit.ca', 'petters.com', 3939483.02, 'Pet Place');
INSERT INTO `ry14b`.`petstore` (`pst_id`, `pst_name`, `pst_street`, `pst_city`, `pst_state`, `pst_zip`, `pst_phone`, `pst_email`, `pst_url`, `pst_ytd_sales`, `pst_notes`) VALUES (9, 'New Pets', '9826 Nunc Road', 'Torrevieja', 'WV', 768441197, 3748380711, 'lobortis.Class@dui.net', 'newpets.com', 49402.92, '');
INSERT INTO `ry14b`.`petstore` (`pst_id`, `pst_name`, `pst_street`, `pst_city`, `pst_state`, `pst_zip`, `pst_phone`, `pst_email`, `pst_url`, `pst_ytd_sales`, `pst_notes`) VALUES (59, 'Pet Palace', '9827 Nunc Road', 'Kerikeri', 'WV', 355142272, 1630644169, 'cursus.et@litoratorquent.edu', 'okpets.com', 8484.02, 'The best pets');

COMMIT;


-- -----------------------------------------------------
-- Data for table `ry14b`.`customer`
-- -----------------------------------------------------
START TRANSACTION;
USE `ry14b`;
INSERT INTO `ry14b`.`customer` (`cus_id`, `cus_fname`, `cus_lname`, `cus_street`, `cus_city`, `cus_state`, `cus_zip`, `cus_phone`, `cus_email`, `cus_balance`, `cus_total_sales`, `cus_notes`) VALUES (12, 'Brennan', 'Tanner', '8788 Semper Av.', 'Eindhoven', 'PA', 113766964, 3996927402, 'est.arcu@mauris.net', 30.02, 300.29, 'Best customer');
INSERT INTO `ry14b`.`customer` (`cus_id`, `cus_fname`, `cus_lname`, `cus_street`, `cus_city`, `cus_state`, `cus_zip`, `cus_phone`, `cus_email`, `cus_balance`, `cus_total_sales`, `cus_notes`) VALUES (13, 'Todd', 'Hayes', '8730 Pellentesque St.', 'Berlin', 'PA', 772464738, 6982586185, 'non@Suspendissetristique.edu', 292.03, 202.09, '');
INSERT INTO `ry14b`.`customer` (`cus_id`, `cus_fname`, `cus_lname`, `cus_street`, `cus_city`, `cus_state`, `cus_zip`, `cus_phone`, `cus_email`, `cus_balance`, `cus_total_sales`, `cus_notes`) VALUES (14, 'Salvador', 'Baker', '5362 Luctus Rd.', 'Pickering', 'PA', 204031956, 9692298190, 'sagittis@sagittisDuis.com', 293.02, 103.89, 'needs more info');
INSERT INTO `ry14b`.`customer` (`cus_id`, `cus_fname`, `cus_lname`, `cus_street`, `cus_city`, `cus_state`, `cus_zip`, `cus_phone`, `cus_email`, `cus_balance`, `cus_total_sales`, `cus_notes`) VALUES (15, 'Ezekiel', 'Cooper', '2449 Tellus. Ave', 'Dutse', 'PA', 159238289, 3136150029, 'ac@sitamet.com', 304.02, 5.69, '');
INSERT INTO `ry14b`.`customer` (`cus_id`, `cus_fname`, `cus_lname`, `cus_street`, `cus_city`, `cus_state`, `cus_zip`, `cus_phone`, `cus_email`, `cus_balance`, `cus_total_sales`, `cus_notes`) VALUES (16, 'Ebony', 'Estes', '3076 Ornare, Ave', 'Bremen', 'VM', 807687803, 3748380711, 'facilisis@lobortismaurissse.org', 39.02, 92.51, '');
INSERT INTO `ry14b`.`customer` (`cus_id`, `cus_fname`, `cus_lname`, `cus_street`, `cus_city`, `cus_state`, `cus_zip`, `cus_phone`, `cus_email`, `cus_balance`, `cus_total_sales`, `cus_notes`) VALUES (17, 'Sean', 'Ellis', '985 Amet Street', 'Coaldale', 'VM', 355142272, 1230574672, 'metus.eu@elit.ca', 994.02, 190.71, 'high balance');
INSERT INTO `ry14b`.`customer` (`cus_id`, `cus_fname`, `cus_lname`, `cus_street`, `cus_city`, `cus_state`, `cus_zip`, `cus_phone`, `cus_email`, `cus_balance`, `cus_total_sales`, `cus_notes`) VALUES (18, 'Naida', 'Watson', '9818 Nunc Road', 'Spijkenisse', 'VM', 299653696, 2322285622, 'lobortis.Class@dui.net', 294.92, 288.91, 'contact at:');
INSERT INTO `ry14b`.`customer` (`cus_id`, `cus_fname`, `cus_lname`, `cus_street`, `cus_city`, `cus_state`, `cus_zip`, `cus_phone`, `cus_email`, `cus_balance`, `cus_total_sales`, `cus_notes`) VALUES (19, 'Damian', 'Arnold', '123 Fake Dr', 'Kano', 'VM', 482904152, 9777924240, 'ligula.Nullam@molestie.com', 294.02, 387.11, '');
INSERT INTO `ry14b`.`customer` (`cus_id`, `cus_fname`, `cus_lname`, `cus_street`, `cus_city`, `cus_state`, `cus_zip`, `cus_phone`, `cus_email`, `cus_balance`, `cus_total_sales`, `cus_notes`) VALUES (20, 'Elvis', 'Tanner', '282 Long Rd', 'Itterbeek', 'VM', 884186959, 5690068892, 'Phasellus.allis@mneque.com', 292.03, 485.31, 'no way');
INSERT INTO `ry14b`.`customer` (`cus_id`, `cus_fname`, `cus_lname`, `cus_street`, `cus_city`, `cus_state`, `cus_zip`, `cus_phone`, `cus_email`, `cus_balance`, `cus_total_sales`, `cus_notes`) VALUES (21, 'Cecilia', 'Vasquez', '292 Windy Ave', 'Vottem', 'VM', 686170481, 4964548349, 'sagittis@augue.edu', 229.03, 583.51, '');

COMMIT;


-- -----------------------------------------------------
-- Data for table `ry14b`.`pet`
-- -----------------------------------------------------
START TRANSACTION;
USE `ry14b`;
INSERT INTO `ry14b`.`pet` (`pet_id`, `pst_id`, `cus_id`, `pet_type`, `pet_sex`, `pet_cost`, `pet_price`, `pet_age`, `pet_color`, `pet_sale_date`, `pet_vaccine`, `pet_nueter`, `pet_notes`) VALUES (65, 1, 12, 'dog', 'm', 34.02, 502.03, 1, 'beige', '2002/03/07', 'y', 'n', 'cute');
INSERT INTO `ry14b`.`pet` (`pet_id`, `pst_id`, `cus_id`, `pet_type`, `pet_sex`, `pet_cost`, `pet_price`, `pet_age`, `pet_color`, `pet_sale_date`, `pet_vaccine`, `pet_nueter`, `pet_notes`) VALUES (66, 2, 13, 'cat', 'm', 94.02, 304.29, 2, 'brown', '2003/09/10', 'n', 'y', 'adorable');
INSERT INTO `ry14b`.`pet` (`pet_id`, `pst_id`, `cus_id`, `pet_type`, `pet_sex`, `pet_cost`, `pet_price`, `pet_age`, `pet_color`, `pet_sale_date`, `pet_vaccine`, `pet_nueter`, `pet_notes`) VALUES (67, 3, 14, 'dog', 'f', 88.02, 393.94, 1, 'black', '1999/01/10', 'n', 'n', '');
INSERT INTO `ry14b`.`pet` (`pet_id`, `pst_id`, `cus_id`, `pet_type`, `pet_sex`, `pet_cost`, `pet_price`, `pet_age`, `pet_color`, `pet_sale_date`, `pet_vaccine`, `pet_nueter`, `pet_notes`) VALUES (68, 4, 15, 'fish', 'm', 3.4, 29.4, 3, 'orange', '2002/10/10', 'n', 'y', 'cmust be sold at fish stor');
INSERT INTO `ry14b`.`pet` (`pet_id`, `pst_id`, `cus_id`, `pet_type`, `pet_sex`, `pet_cost`, `pet_price`, `pet_age`, `pet_color`, `pet_sale_date`, `pet_vaccine`, `pet_nueter`, `pet_notes`) VALUES (69, 5, 16, 'dog', 'm', 3.49, 284.02, 1, 'black', '2017/08/02', 'y', 'n', '');
INSERT INTO `ry14b`.`pet` (`pet_id`, `pst_id`, `cus_id`, `pet_type`, `pet_sex`, `pet_cost`, `pet_price`, `pet_age`, `pet_color`, `pet_sale_date`, `pet_vaccine`, `pet_nueter`, `pet_notes`) VALUES (70, 6, 17, 'cat', 'm', 55.03, 48.02, 2, 'brown', '2007/07/14', 'y', 'n', 'best cat');
INSERT INTO `ry14b`.`pet` (`pet_id`, `pst_id`, `cus_id`, `pet_type`, `pet_sex`, `pet_cost`, `pet_price`, `pet_age`, `pet_color`, `pet_sale_date`, `pet_vaccine`, `pet_nueter`, `pet_notes`) VALUES (71, 7, 18, 'dog', 'm', 39, 384.92, 3, 'black', '2012/02/04', 'y', 'y', '');
INSERT INTO `ry14b`.`pet` (`pet_id`, `pst_id`, `cus_id`, `pet_type`, `pet_sex`, `pet_cost`, `pet_price`, `pet_age`, `pet_color`, `pet_sale_date`, `pet_vaccine`, `pet_nueter`, `pet_notes`) VALUES (72, 8, 19, 'dog', 'f', 40.02, 394.92, 1, 'white', '2008/10/02', 'y', 'n', 'awesome');
INSERT INTO `ry14b`.`pet` (`pet_id`, `pst_id`, `cus_id`, `pet_type`, `pet_sex`, `pet_cost`, `pet_price`, `pet_age`, `pet_color`, `pet_sale_date`, `pet_vaccine`, `pet_nueter`, `pet_notes`) VALUES (73, 9, 20, 'kitten', 'm', 48.02, 83.04, 2, 'gray', '2003/11/10', 'y', 'n', '');
INSERT INTO `ry14b`.`pet` (`pet_id`, `pst_id`, `cus_id`, `pet_type`, `pet_sex`, `pet_cost`, `pet_price`, `pet_age`, `pet_color`, `pet_sale_date`, `pet_vaccine`, `pet_nueter`, `pet_notes`) VALUES (74, 59, 21, 'cat', 'm', 38.02, 294.92, 3, 'black', '2002/10/10', 'n', 'n', 'cutest');

COMMIT;

